id,symbol,date,time,current_price,market_cap,total_volume,high_24h,low_24h,price_change_24h,price_change_percentage_24h,ath,atl
bitcoin,btc,2025-12-11,22:37:02,92654.0,1842483521893,52890136122.0,93468.0,89426.0,273.71,0.29629,126080.0,67.81
ethereum,eth,2025-12-11,22:37:02,3247.08,390571021349,29871795812.0,3351.16,3160.13,-87.7898173754561,-2.63248,4946.05,0.432979
tether,usdt,2025-12-11,22:37:02,1.0,186096044408,88648209353.0,1.0,1.0,-0.000100594699250944,-0.01006,1.32,0.572521
ripple,xrp,2025-12-11,22:37:02,2.04,122608963717,3636078015.0,2.06,1.99,-0.012264918132805391,-0.59881,3.65,0.00268621
binancecoin,bnb,2025-12-11,22:37:02,888.23,122026697075,1743111888.0,900.16,861.83,-7.4159886697131014,-0.82801,1369.99,0.0398177
usd-coin,usdc,2025-12-11,22:37:02,0.999951,78268408297,13719073975.0,1.0,0.998645,0.00124669,0.12483,1.17,0.877647
solana,sol,2025-12-11,22:37:02,136.83,76788646274,6604551809.0,137.64,129.42,0.163236,0.11944,293.31,0.500801
staked-ether,steth,2025-12-11,22:37:02,3243.25,28311926304,32362244.0,3348.76,3154.24,-92.3271464679101,-2.76795,4932.89,482.9
tron,trx,2025-12-11,22:37:02,0.280585,26564787610,617643258.0,0.281577,0.278179,0.00014991,0.05346,0.431288,0.00180434
dogecoin,doge,2025-12-11,22:37:02,0.140731,21390667034,1485475052.0,0.14454,0.136566,-0.003118261840087733,-2.16773,0.731578,8.69e-05
cardano,ada,2025-12-11,22:37:02,0.423402,15473433663,1239856806.0,0.458006,0.411054,-0.033174501204570606,-7.26592,3.09,0.01925275
figure-heloc,figr_heloc,2025-12-11,22:37:02,1.024,14498722993,72052977.0,1.035,1.01,0.003957,0.38774,1.37,0.155357
whitebit,wbt,2025-12-11,22:37:02,61.74,13230016917,152796396.0,63.35,60.62,-1.47112726694899,-2.32734,64.11,3.06
wrapped-steth,wsteth,2025-12-11,22:37:02,3962.04,12339577425,60939045.0,4091.22,3856.29,-111.25908495244857,-2.73143,7256.02,558.54
wrapped-bitcoin,wbtc,2025-12-11,22:37:02,92352.0,11505255701,348215778.0,93083.0,89217.0,359.55,0.39085,125932.0,3139.17
wrapped-beacon-eth,wbeth,2025-12-11,22:37:02,3525.49,11479339540,9661371.0,3634.45,3427.04,-92.01726051130663,-2.54366,5330.78,1501.6
bitcoin-cash,bch,2025-12-11,22:37:02,572.56,11419395454,345567335.0,576.92,552.6,-4.296883410504506,-0.74488,3785.82,76.93
usds,usds,2025-12-11,22:37:02,0.998993,9833331520,19732468.0,1.0,0.998765,-0.000819368167182755,-0.08195,1.057,0.948265
chainlink,link,2025-12-11,22:37:02,14.09,9803117655,705845883.0,14.3,13.44,-0.114809414509768,-0.80814,52.7,0.148183
wrapped-eeth,weeth,2025-12-11,22:37:02,3513.51,9509617122,8408108.0,3628.45,3421.69,-97.3492376827071,-2.69602,5296.78,1505.24
binance-bridged-usdt-bnb-smart-chain,bsc-usd,2025-12-11,22:37:02,1.001,8985389285,1517687827.0,1.002,0.99849,0.00033127,0.03312,1.05,0.942186
leo-token,leo,2025-12-11,22:37:02,9.5,8755207907,599719.0,9.54,9.4,-0.014027373520301367,-0.1475,10.14,0.799859
weth,weth,2025-12-11,22:37:02,3246.59,8321763003,32976813.0,3351.74,3159.81,-88.65186002545533,-2.65803,4950.08,82.1
stellar,xlm,2025-12-11,22:37:02,0.246333,7952066699,150249374.0,0.252713,0.239613,-0.005371178054082437,-2.13393,0.875563,0.00047612
hyperliquid,hype,2025-12-11,22:37:02,28.91,7817938438,343641648.0,29.31,26.99,-0.34301022152384775,-1.17251,59.3,3.81
monero,xmr,2025-12-11,22:37:02,415.36,7668718639,183441029.0,416.46,396.68,18.69,4.71109,542.33,0.216177
zcash,zec,2025-12-11,22:37:02,454.86,7463219198,1152439532.0,467.94,391.86,54.82,13.704,3191.93,16.08
coinbase-wrapped-btc,cbbtc,2025-12-11,22:37:02,92631.0,6710470133,576508274.0,93360.0,89539.0,403.8,0.43783,125954.0,57439.0
ethena-usde,usde,2025-12-11,22:37:02,0.999888,6557956930,165044208.0,1.001,0.998568,0.00066386,0.06644,1.034,0.929486
litecoin,ltc,2025-12-11,22:37:02,82.84,6338925610,567135014.0,85.29,80.54,-1.9518543926780296,-2.30186,410.26,1.15
sui,sui,2025-12-11,22:37:02,1.61,6026293454,939520054.0,1.63,1.53,-0.006250718932207855,-0.38601,5.35,0.364846
avalanche-2,avax,2025-12-11,22:37:02,13.44,5761106842,495321596.0,14.27,12.92,-0.7713128617966731,-5.42864,144.96,2.8
hedera-hashgraph,hbar,2025-12-11,22:37:02,0.12984,5510557311,151328762.0,0.13622,0.12872,-0.00587581373923815,-4.32949,0.569229,0.00986111
shiba-inu,shib,2025-12-11,22:37:02,8.5e-06,5006535148,139628668.0,8.62e-06,8.21e-06,-7.8546368662e-08,-0.91538,8.616e-05,5.6366e-11
usdt0,usdt0,2025-12-11,22:37:02,1.001,4669287227,347432670.0,1.001,0.999079,2.474e-05,0.00247,1.052,0.975737
susds,susds,2025-12-11,22:37:02,1.082,4531249413,19564148.0,1.098,1.066,-0.000234502718760909,-0.02167,1.11,0.961716
dai,dai,2025-12-11,22:37:02,1.001,4330063630,74843074.0,1.001,0.998569,0.0014672,0.14683,1.22,0.88196
the-open-network,ton,2025-12-11,22:37:02,1.65,4035072138,102720026.0,1.67,1.59,-0.020741167958350237,-1.24187,8.25,0.519364
world-liberty-financial,wlfi,2025-12-11,22:37:02,0.147651,4017531034,121283955.0,0.154749,0.144092,-0.00665863940562933,-4.31511,0.331336,0.104606
paypal-usd,pyusd,2025-12-11,22:37:02,0.998905,3852387404,114416600.0,1.0,0.999163,-0.000920804299821776,-0.0921,1.021,0.959426
mantle,mnt,2025-12-11,22:37:02,1.18,3825577156,118596826.0,1.18,1.12,0.02191405,1.89647,2.86,0.307978
crypto-com-chain,cro,2025-12-11,22:37:02,0.101389,3783514799,18100092.0,0.104603,0.099391,-0.002330763436618463,-2.24718,0.965407,0.0121196
ethena-staked-usde,susde,2025-12-11,22:37:02,1.21,3530222088,34092553.0,1.21,1.21,0.0011782,0.09752,1.29,1.012
uniswap,uni,2025-12-11,22:37:02,5.54,3481914999,306331085.0,5.69,5.31,-0.11535780778167659,-2.04148,44.92,1.03
polkadot,dot,2025-12-11,22:37:02,2.06,3384337885,261695095.0,2.22,2.02,-0.14373993960165743,-6.52189,54.98,1.98
aave,aave,2025-12-11,22:37:02,201.39,3045977576,367044885.0,201.79,187.63,3.74,1.89227,661.69,26.02
bittensor,tao,2025-12-11,22:37:02,298.21,2861597572,142338675.0,303.15,280.68,0.978638,0.32925,757.6,30.83
usd1-wlfi,usd1,2025-12-11,22:37:02,0.999255,2739421257,477866545.0,0.999766,0.998435,-0.000116770362482033,-0.01168,1.025,0.989633
canton-network,cc,2025-12-11,22:37:02,0.074846,2690481160,15966936.0,0.075576,0.072814,9.763e-05,0.13061,0.159483,0.059024
rain,rain,2025-12-11,22:37:02,0.00779779,2644903619,24371163.0,0.00801125,0.00759262,-0.000181280664832935,-2.27195,0.00823862,0.00222126
memecore,m,2025-12-11,22:37:02,1.49,2541407555,20626097.0,1.52,1.42,0.057936,4.05743,2.96,0.04746135
bitget-token,bgb,2025-12-11,22:37:02,3.63,2536860702,52007488.0,3.63,3.57,0.03125178,0.86845,8.45,0.0142795
okb,okb,2025-12-11,22:37:02,114.9,2412490368,48561918.0,120.2,112.71,-4.272778843267048,-3.5855,255.5,0.580608
tether-gold,xaut,2025-12-11,22:37:02,4268.74,2232618490,277320462.0,4283.11,4202.6,48.29,1.14425,4392.88,1447.84
falcon-finance,usdf,2025-12-11,22:37:02,0.999305,2217998582,1803591.0,1.001,0.996507,0.00209745,0.21033,1.075,0.943422
near,near,2025-12-11,22:37:02,1.69,2159933654,194978727.0,1.78,1.63,-0.0828745460832585,-4.68539,20.44,0.526762
ethereum-classic,etc,2025-12-11,22:37:02,13.27,2050789666,62282546.0,13.85,12.98,-0.5048313658634527,-3.66574,167.09,0.615038
ethena,ena,2025-12-11,22:37:02,0.263487,2020065798,233113799.0,0.266015,0.247606,0.00390184,1.50311,1.52,0.195078
aster-2,aster,2025-12-11,22:37:02,0.943424,1977388486,222634526.0,0.956903,0.918634,-0.012374458443382585,-1.29467,2.41,0.099713
binance-peg-weth,weth,2025-12-11,22:37:02,3243.76,1958516141,75354708.0,3353.95,3158.97,-89.77255855118347,-2.69301,4955.78,1394.32
pepe,pepe,2025-12-11,22:37:02,4.61e-06,1939078140,419927140.0,4.72e-06,4.39e-06,-6.1617505956e-08,-1.31917,2.803e-05,5.5142e-08
jito-staked-sol,jitosol,2025-12-11,22:37:02,170.71,1919855362,21508216.0,171.75,161.61,0.166961,0.0979,339.52,0.57898
internet-computer,icp,2025-12-11,22:37:02,3.42,1853038201,86731382.0,3.48,3.29,-0.04691646807367977,-1.35448,700.65,2.23
blackrock-usd-institutional-digital-liquidity-fund,buidl,2025-12-11,22:37:02,1.0,1830118880,0.0,1.0,1.0,0.0,0.0,1.0,1.0
pi-network,pi,2025-12-11,22:37:02,0.206612,1726293141,19812690.0,0.215741,0.204707,-0.006506536954907327,-3.05301,2.99,0.172081
wrapped-solana,sol,2025-12-11,22:37:02,136.89,1709108597,745515032.0,137.61,129.45,0.218464,0.15985,290.3,8.11
pump-fun,pump,2025-12-11,22:37:02,0.00286212,1688650843,98283710.0,0.0029185,0.0027387,-3.5292052791305e-05,-1.21805,0.00881908,0.00228323
jupiter-perpetuals-liquidity-provider-token,jlp,2025-12-11,22:37:02,4.75,1685235096,47986736.0,4.77,4.61,-0.005619654204183533,-0.11828,5.99,0.146839
hash-2,hash,2025-12-11,22:37:02,0.03030801,1580946464,18650.5,0.03079398,0.02558897,0.00459356,17.86372,0.060147,0.00976953
ether-fi-staked-eth,eeth,2025-12-11,22:37:02,3240.32,1570947981,149700.0,3349.31,3158.99,-95.42087812537648,-2.86056,5307.23,975.47
syrupusdc,syrupusdc,2025-12-11,22:37:02,1.14,1540450584,27100634.0,1.14,1.14,0.00012961,0.01136,1.14,1.055
htx-dao,htx,2025-12-11,22:37:02,1.65e-06,1537261280,9785828.0,1.65e-06,1.64e-06,1.0461e-08,0.63715,3.75e-06,8.00816e-07
ondo-finance,ondo,2025-12-11,22:37:02,0.474517,1498835142,82019561.0,0.495679,0.461551,-0.016936397160334626,-3.44618,2.14,0.082171
pax-gold,paxg,2025-12-11,22:37:02,4289.06,1462265036,138486221.0,4292.0,4215.85,53.6,1.26558,4448.72,1399.64
worldcoin-wld,wld,2025-12-11,22:37:02,0.59736,1461117951,112273837.0,0.626504,0.581936,-0.023639832872569433,-3.80674,11.74,0.557914
kucoin-shares,kcs,2025-12-11,22:37:02,10.75,1394962550,5900313.0,10.79,10.4,-0.04375475122572148,-0.40545,28.83,0.342863
global-dollar,usdg,2025-12-11,22:37:02,0.999764,1393793978,53879258.0,1.0,0.999644,-8.6718167527366e-05,-0.00867,1.65,0.907561
hashnote-usyc,usyc,2025-12-11,22:37:02,1.11,1363687913,666109.0,1.11,1.11,9.744e-05,0.00878,1.12,1.026
rocket-pool-eth,reth,2025-12-11,22:37:02,3720.99,1356010978,4057884.0,3850.12,3628.25,-107.28723192498819,-2.80249,5618.08,887.26
syrupusdt,syrupusdt,2025-12-11,22:37:02,1.11,1331741927,346963.0,1.11,1.11,0.00186172,0.16838,1.11,1.093
bfusd,bfusd,2025-12-11,22:37:02,0.999447,1319253299,19579829.0,0.999673,0.999122,-2.4375923771136e-05,-0.00244,1.007,0.99712
ripple-usd,rlusd,2025-12-11,22:37:02,0.999739,1316638801,41818128.0,1.0,0.999116,0.0002182,0.02183,1.073,0.962292
binance-bridged-usdc-bnb-smart-chain,usdc,2025-12-11,22:37:02,0.999813,1288739112,206905737.0,1.0,0.999361,-7.7744261482993e-05,-0.00778,1.031,0.942892
polygon-ecosystem-token,pol,2025-12-11,22:37:02,0.121441,1281184417,66517442.0,0.124855,0.11833,-0.002430388245803383,-1.96202,1.29,0.117067
kaspa,kas,2025-12-11,22:37:02,0.0476475,1273848968,30557668.0,0.04924037,0.04605744,-0.001152359319506663,-2.3614,0.207411,0.00017105
aptos,apt,2025-12-11,22:37:02,1.72,1264835120,249328727.0,1.8,1.69,-0.0749277535722026,-4.1804,19.92,1.68
sky,sky,2025-12-11,22:37:02,0.054628,1250555554,9876602.0,0.056093,0.053913,-0.00121401598026756,-2.17403,0.100535,0.03582727
gatechain-token,gt,2025-12-11,22:37:02,10.37,1217119254,4841907.0,10.55,10.21,-0.1434724876820006,-1.36423,25.94,0.25754
binance-staked-sol,bnsol,2025-12-11,22:37:02,148.87,1189993413,1947737.0,149.62,140.6,0.206953,0.13921,297.96,100.21
arbitrum,arb,2025-12-11,22:37:02,0.211497,1186740771,122545893.0,0.219272,0.203062,-0.006664922621279212,-3.05503,2.39,0.186907
wbnb,wbnb,2025-12-11,22:37:02,887.65,1180024588,391785430.0,899.88,861.21,-8.423981346699975,-0.9401,1372.03,23.6
kelp-dao-restaked-eth,rseth,2025-12-11,22:37:02,3430.5,1172258667,17363.39,3546.52,3338.93,-99.5102382486998,-2.81898,5190.42,1029.61
quant-network,qnt,2025-12-11,22:37:02,80.03,1163465642,22246875.0,84.57,79.83,-4.153921294629612,-4.9346,427.42,0.215773
algorand,algo,2025-12-11,22:37:02,0.129751,1144178024,50183621.0,0.136556,0.127033,-0.005653373938144413,-4.17517,3.56,0.087513
official-trump,trump,2025-12-11,22:37:02,5.69,1136365415,193171781.0,5.76,5.61,-0.049265833516029645,-0.85897,73.43,4.29
liquid-staked-ethereum,lseth,2025-12-11,22:37:02,3476.14,1079165390,48314.0,3582.76,3398.57,-103.32720898519483,-2.88666,5334.09,1384.61
ignition-fbtc,fbtc,2025-12-11,22:37:02,91984.0,1070033651,623764.0,93025.0,88991.0,-214.19432896969374,-0.23232,127954.0,11469.83
cosmos,atom,2025-12-11,22:37:02,2.2,1062314209,51088626.0,2.29,2.17,-0.06769788672556531,-2.98058,44.45,1.16
lombard-staked-btc,lbtc,2025-12-11,22:37:02,92778.0,1042388006,15107949.0,93242.0,89592.0,490.9,0.53192,125812.0,52119.0
vechain,vet,2025-12-11,22:37:02,0.01204273,1034114831,29357948.0,0.01243115,0.01157674,-0.00031709790097437,-2.56555,0.280991,0.00191713
solv-btc,solvbtc,2025-12-11,22:37:02,92273.0,1018436537,588422.0,92951.0,89347.0,16.85,0.01826,125693.0,49058.0
flare-networks,flr,2025-12-11,22:37:02,0.01260706,1013316044,6487458.0,0.01278917,0.01238171,-0.000157208805303146,-1.23163,0.150073,0.00827405
filecoin,fil,2025-12-11,22:37:02,1.37,988966702,197715703.0,1.49,1.36,-0.11151592837289237,-7.53276,236.84,0.848008
nexo,nexo,2025-12-11,22:37:02,0.98854,988347881,9993579.0,0.996268,0.95286,0.00639858,0.65149,4.07,0.04515276
xdce-crowd-sale,xdc,2025-12-11,22:37:02,0.0486699,901198258,31335311.0,0.050318,0.04813391,-0.001593693450820152,-3.17067,0.192754,0.00039532
usdtb,usdtb,2025-12-11,22:37:02,1.001,851511533,727338.0,1.006,0.994933,0.0001617,0.01616,1.057,0.900502
sei-network,sei,2025-12-11,22:37:02,0.131473,836816664,175136641.0,0.148433,0.129742,-0.01507378256280048,-10.28602,1.14,0.095364
render-token,render,2025-12-11,22:37:02,1.6,830768685,50900165.0,1.66,1.56,-0.042505922734643375,-2.58022,13.53,0.03665669
superstate-short-duration-us-government-securities-fund-ustb,ustb,2025-12-11,22:37:02,10.92,822903300,0.0,10.92,10.92,0.00132,0.01209,10.92,10.29
ousg,ousg,2025-12-11,22:37:02,113.6,821380593,0.0,113.6,113.59,0.011196,0.00986,113.6,95.09
bonk,bonk,2025-12-11,22:37:02,9.79e-06,809350009,125217935.0,9.93e-06,8.97e-06,2.19954e-07,2.29955,5.825e-05,8.6142e-08
kinetic-staked-hype,khype,2025-12-11,22:37:02,29.06,799997546,19385130.0,29.51,27.15,-0.40217033380969625,-1.36509,59.44,27.15
wrappedm-by-m0,wm,2025-12-11,22:37:02,1.0,770689280,3330463.0,1.001,0.998105,0.00027843,0.02785,15.4,0.969044
janus-henderson-anemoy-aaa-clo-fund,jaaa,2025-12-11,22:37:02,1.017,763225287,0.0,1.017,1.017,-5.4999999999916e-05,-0.00541,1.017,1.009
mantle-staked-ether,meth,2025-12-11,22:37:02,3511.66,762288108,3572920.0,3623.53,3412.51,-96.49204774769805,-2.67428,5312.55,1485.62
pancakeswap-token,cake,2025-12-11,22:37:02,2.25,757669577,63222962.0,2.34,2.18,-0.07962197736446619,-3.41237,43.96,0.194441
midnight-3,night,2025-12-11,22:37:02,0.04580437,752840411,255729146.0,0.081351,0.04207464,-0.035546468672693975,-43.69527,0.118529,0.02378032
renzo-restaked-eth,ezeth,2025-12-11,22:37:02,3455.56,750477945,1197782.0,3569.38,3368.27,-96.93679139850747,-2.72869,5227.06,1454.43
arbitrum-bridged-wbtc-arbitrum-one,wbtc,2025-12-11,22:37:02,92320.0,746218968,215206371.0,93012.0,89260.0,314.29,0.3416,126226.0,49594.0
clbtc,clbtc,2025-12-11,22:37:02,92507.0,714452273,24.2,93179.0,89266.0,511.62,0.55613,129190.0,51493.0
wrapped-flare,wflr,2025-12-11,22:37:02,0.01258073,710492994,3737472.0,0.01281208,0.0123307,-0.000201513734217423,-1.57651,0.053382,0.00823337
pudgy-penguins,pengu,2025-12-11,22:37:02,0.01122449,702498024,239150399.0,0.01195957,0.01075968,-0.000654007501057095,-5.50581,0.068447,0.00371517
first-digital-usd,fdusd,2025-12-11,22:37:02,0.998802,698779570,796982026.0,0.999109,0.997983,0.00050015,0.0501,1.15,0.940377
ondo-us-dollar-yield,usdy,2025-12-11,22:37:02,1.11,692073726,289675.0,1.13,1.079,0.00549878,0.49729,1.26,0.934184
jupiter-exchange-solana,jup,2025-12-11,22:37:02,0.218196,684011262,29411035.0,0.229841,0.209686,-0.00997269849654675,-4.37076,2.0,0.209686
usdd,usdd,2025-12-11,22:37:02,1.0,683213189,14853259.0,1.0,0.999978,1.753e-05,0.00175,1.052,0.928067
bridged-usdc-polygon-pos-bridge,usdc.e,2025-12-11,22:37:02,0.999801,681718475,29335549.0,0.999904,0.999623,3.73e-06,0.00037,1.028,0.975633
story-2,ip,2025-12-11,22:37:02,2.04,675253502,33022734.0,2.12,1.98,-0.06163096983923744,-2.93746,14.78,1.0
ultima,ultima,2025-12-11,22:37:02,6624.07,662438434,17943968.0,6723.24,6267.21,161.95,2.5062,22851.0,2038.41
jupiter-staked-sol,jupsol,2025-12-11,22:37:02,158.26,659539884,5083800.0,159.04,149.54,0.39194,0.24827,309.67,105.7
morpho,morpho,2025-12-11,22:37:02,1.22,659149072,11119561.0,1.24,1.17,-0.0134196084690128,-1.08694,4.17,0.713151
usdai,usdai,2025-12-11,22:37:02,0.999823,648894282,1364278.0,1.002,0.998012,-0.000268144449250496,-0.02681,1.19,0.769779
beldex,bdx,2025-12-11,22:37:02,0.086612,647392280,11902777.0,0.087968,0.086327,-0.000173803305446654,-0.20027,0.450785,0.00027519
stakewise-v3-oseth,oseth,2025-12-11,22:37:02,3351.49,640379056,13730.15,3463.63,3265.58,-97.2990396484829,-2.82125,5206.8,1459.73
fetch-ai,fet,2025-12-11,22:37:02,0.24432,634842133,100619163.0,0.256946,0.233688,-0.011695653240463177,-4.56834,3.45,0.00816959
polygon-pos-bridged-dai-polygon-pos,dai,2025-12-11,22:37:02,0.999652,634118635,18967278.0,1.0,0.99958,-0.000381906961006706,-0.03819,1.025,0.957024
l2-standard-bridged-weth-base,weth,2025-12-11,22:37:02,3246.85,632290373,808966993.0,3350.59,3159.65,-86.58781942295082,-2.59755,4952.69,1394.17
dash,dash,2025-12-11,22:37:02,48.26,603771260,120518958.0,49.35,45.59,1.23,2.60917,1493.59,0.213899
optimism,op,2025-12-11,22:37:02,0.31505,596369467,85452268.0,0.328021,0.300939,-0.011163724984076528,-3.42222,4.84,0.278146
myx-finance,myx,2025-12-11,22:37:02,3.02,575983991,39248279.0,3.09,2.72,0.18693,6.59451,19.03,0.04700553
spx6900,spx,2025-12-11,22:37:02,0.620662,575800910,24346344.0,0.638375,0.581719,-0.012622508097808183,-1.99318,2.27,0.00131808
aerodrome-finance,aero,2025-12-11,22:37:02,0.631284,572950547,29568769.0,0.648713,0.606993,-0.013754847879572485,-2.13241,2.32,1.861e-05
curve-dao-token,crv,2025-12-11,22:37:02,0.395885,567253230,72697574.0,0.415508,0.380635,-0.015968587720800176,-3.87725,15.37,0.180354
tbtc,tbtc,2025-12-11,22:37:02,92139.0,559650789,31093069.0,92641.0,89070.0,84.87,0.09219,125646.0,10104.3
injective-protocol,inj,2025-12-11,22:37:02,5.56,554721215,86254497.0,5.74,5.32,-0.1377898406930358,-2.41955,52.62,0.657401
virtual-protocol,virtual,2025-12-11,22:37:02,0.841223,550375586,92999857.0,0.858526,0.795586,-0.005952136200457314,-0.70259,5.07,0.00748604
usual-usd,usd0,2025-12-11,22:37:02,0.997133,548484176,1680834.0,0.999265,0.995285,-0.000728006883003007,-0.07296,1.33,0.962885
tezos,xtz,2025-12-11,22:37:02,0.509336,543053085,41773071.0,0.526926,0.485621,0.01388776,2.80307,9.12,0.350476
blockstack,stx,2025-12-11,22:37:02,0.298683,542325891,16862181.0,0.308899,0.28974,-0.00878467506855396,-2.8571,3.86,0.04559639
lido-dao,ldo,2025-12-11,22:37:02,0.600514,535184884,89242722.0,0.628042,0.576807,-0.022260014620154256,-3.57433,7.3,0.40615
bridged-wrapped-ether-pundi-aifx-omnilayer,weth,2025-12-11,22:37:02,35382014.0,525066363,0.0,35382014.0,35382014.0,0.0,0.0,35382014.0,35382014.0
starknet,strk,2025-12-11,22:37:02,0.108766,522107045,60561434.0,0.110765,0.103904,-2.3743848611299e-05,-0.02183,4.41,0.082871
arbitrum-bridged-weth-arbitrum-one,weth,2025-12-11,22:37:02,3245.94,521518571,488798445.0,3349.46,3159.69,-88.95410951544,-2.66738,4952.19,1395.31
gteth,gteth,2025-12-11,22:37:02,3243.76,518189414,247129.0,3347.47,3154.77,-89.57205657392251,-2.68717,4751.71,2627.71
celestia,tia,2025-12-11,22:37:02,0.589237,501336399,69230361.0,0.613959,0.570019,-0.020440509150329356,-3.35267,20.85,0.510806
ether-fi,ethfi,2025-12-11,22:37:02,0.822321,499224846,46666169.0,0.853973,0.779845,-0.023581224412877688,-2.7877,8.53,0.40432
true-usd,tusd,2025-12-11,22:37:02,0.997373,493195489,9602600.0,0.998755,0.997061,-0.001298982961326467,-0.13007,1.62,0.88355
cgeth-hashkey-cloud,cgeth.hashkey,2025-12-11,22:37:02,2460.42,491909683,265.78,,,,,4746.13,1362.23
telcoin,tel,2025-12-11,22:37:02,0.00510598,485699918,3359001.0,0.00538106,0.00490738,-0.000273670084907975,-5.08714,0.064483,6.474e-05
stader-ethx,ethx,2025-12-11,22:37:02,3491.92,485336509,77085.0,3603.37,3391.12,-89.85744915931582,-2.50874,5253.42,1474.49
msol,msol,2025-12-11,22:37:02,184.02,484998661,4107442.0,185.02,174.19,0.198873,0.10819,363.77,8.93
eutbl,eutbl,2025-12-11,22:37:02,1.23,477334121,0.0,1.23,1.22,0.00509158,0.41737,1.24,1.011
the-graph,grt,2025-12-11,22:37:02,0.04444486,471930277,30584673.0,0.0461663,0.04276156,-0.001424082477756966,-3.10468,2.84,0.04276156
wrapped-apecoin,wape,2025-12-11,22:37:02,0.234337,470884964,439254.0,0.239504,0.224081,-0.002303190291484153,-0.97329,17.57,1.7e-17
floki,floki,2025-12-11,22:37:02,4.826e-05,465923337,57488427.0,5.017e-05,4.577e-05,-1.721748194154e-06,-3.44457,0.00034495,8.428e-08
ether-fi-liquid-eth,liquideth,2025-12-11,22:37:02,3431.71,459316492,117.93,3569.02,3356.03,-127.19118308558745,-3.57389,4507.99,2783.66
gho,gho,2025-12-11,22:37:02,1.0,454605451,4081139.0,1.001,0.998476,0.00032438,0.03244,1.03,0.917065
kaia,kaia,2025-12-11,22:37:02,0.077278,451978366,21884244.0,0.077468,0.073936,0.00076479,0.99956,0.406698,0.055452
doublezero,2z,2025-12-11,22:37:02,0.125948,436979220,14148647.0,0.131038,0.123033,-0.003597110345503501,-2.77671,0.893679,0.101591
mantle-bridged-usdt-mantle,usdt,2025-12-11,22:37:02,1.001,435569325,1283122.0,1.01,0.986666,0.00012625,0.01261,1.26,0.517934
sweth,sweth,2025-12-11,22:37:02,3547.48,430649982,46875.0,3676.13,3467.85,-111.90522079741595,-3.05804,5370.2,1516.13
iota,iota,2025-12-11,22:37:02,0.101937,426748818,8475192.0,0.105406,0.100014,-0.002956644360391752,-2.81872,5.25,0.081637
newton-project,ab,2025-12-11,22:37:02,0.0046887,426255544,9568478.0,0.00471121,0.00466974,-1.7592514775278e-05,-0.37381,0.01727373,3.8e-06
sbtc-2,sbtc,2025-12-11,22:37:02,92440.0,426218244,39410.0,97634.0,89405.0,-549.3629408865672,-0.59078,209313.0,50597.0
ethereum-name-service,ens,2025-12-11,22:37:02,11.03,421229310,31717000.0,11.51,10.77,-0.42546861772363265,-3.71296,83.4,6.69
basic-attention-token,bat,2025-12-11,22:37:02,0.280357,419847212,62567211.0,0.286365,0.242057,0.02388308,9.31209,1.9,0.072394
bittorrent,btt,2025-12-11,22:37:02,4.22343e-07,416541637,39231314.0,4.47459e-07,4.1584e-07,3.716e-09,0.88761,3.43e-06,3.65368e-07
coinbase-wrapped-staked-eth,cbeth,2025-12-11,22:37:02,3606.71,414317270,9602002.0,3727.01,3511.38,-101.81416122447308,-2.74541,5441.47,1036.96
trust-wallet-token,twt,2025-12-11,22:37:02,0.984184,409857666,17215951.0,1.012,0.968771,-0.021893280056213715,-2.1761,2.72,0.00277641
dogwifcoin,wif,2025-12-11,22:37:02,0.405326,404074967,184145910.0,0.410905,0.37126,0.01240339,3.1567,4.83,0.00155464
bitcoin-cash-sv,bsv,2025-12-11,22:37:02,20.22,402979746,12562094.0,20.27,19.83,0.03340036,0.16548,489.75,18.95
usdb,usdb,2025-12-11,22:37:02,0.990925,402436102,526751.0,1.023,0.97485,0.01607455,1.64892,1.088,0.831432
sun-token,sun,2025-12-11,22:37:02,0.02093777,401761932,42389988.0,0.02100908,0.0204022,0.00051039,2.49858,66.45,0.00462303
steakhouse-usdc-morpho-vault,steakusdc,2025-12-11,22:37:02,1.11,401347873,0.0,1.11,1.11,3.033e-05,0.00273,9.61,1.034
lorenzo-wrapped-bitcoin,enzobtc,2025-12-11,22:37:02,90454.0,389737209,0.0,,,,,115819.0,82472.0
just,jst,2025-12-11,22:37:02,0.03826147,378756533,26733743.0,0.03841269,0.03801691,0.00019127,0.5024,0.193254,0.00476275
pendle,pendle,2025-12-11,22:37:02,2.3,376696495,43078170.0,2.41,2.22,-0.0904736039008811,-3.79164,7.5,0.03377729
merlin-chain,merl,2025-12-11,22:37:02,0.357133,376145223,30698086.0,0.374812,0.338846,0.0161415,4.7337,1.45,0.071472
pyth-network,pyth,2025-12-11,22:37:02,0.065141,374231684,25381938.0,0.069142,0.0624,-0.003173978202674954,-4.64612,1.2,0.0624
conflux-token,cfx,2025-12-11,22:37:02,0.072525,373653379,15503252.0,0.074753,0.070776,-0.001858887425742639,-2.49904,1.7,0.02199898
bitcoin-avalanche-bridged-btc-b,btc.b,2025-12-11,22:37:02,92245.0,373518695,36177091.0,93341.0,89380.0,51.06,0.05538,125862.0,7806.11
olympus,ohm,2025-12-11,22:37:02,22.34,365597517,768289.0,22.95,22.16,-0.510928665943041,-2.23608,1415.26,7.54
decred,dcr,2025-12-11,22:37:02,21.2,363709939,4877015.0,21.55,20.1,-0.3198490786647099,-1.48644,247.35,0.43154
binance-peg-dogecoin,doge,2025-12-11,22:37:02,0.14079,360950036,3706187.0,0.144671,0.136428,-0.003042750903003905,-2.11548,0.480585,0.04955727
sonic-3,s,2025-12-11,22:37:02,0.095277,360350546,51340384.0,0.096453,0.09057,-0.000358210163000527,-0.37456,1.029,0.09057
the-sandbox,sand,2025-12-11,22:37:02,0.138115,360253351,44280242.0,0.145442,0.133788,-0.00632007975356727,-4.37571,8.4,0.02897764
apenft,nft,2025-12-11,22:37:02,3.62219e-07,358461809,30208470.0,3.66142e-07,3.59383e-07,-1.548462125e-09,-0.42567,7.53e-06,2.98737e-07
fartcoin,fartcoin,2025-12-11,22:37:02,0.358776,356626324,163963785.0,0.367282,0.338038,-0.004687671227327161,-1.28972,2.48,0.02002855
theta-token,theta,2025-12-11,22:37:02,0.346303,345882849,26726469.0,0.351645,0.330881,-0.002933937414060284,-0.8401,15.72,0.04039979
gala,gala,2025-12-11,22:37:02,0.00738948,344902828,47915672.0,0.00760331,0.00708202,-0.000167207081180475,-2.2127,0.824837,0.00013475
helium,hnt,2025-12-11,22:37:02,1.84,343286242,4644143.0,1.89,1.8,-0.037077429857697686,-1.97173,54.88,0.113248
gnosis,gno,2025-12-11,22:37:02,129.54,341956459,6717198.0,132.15,126.38,-1.996222989105945,-1.51765,644.2,6.88
flow,flow,2025-12-11,22:37:02,0.208149,338630492,10575951.0,0.218657,0.205263,-0.008691802822585859,-4.00838,42.4,0.156967
jasmycoin,jasmy,2025-12-11,22:37:02,0.00685183,338186001,21513140.0,0.00709358,0.00672689,-0.000178439221884363,-2.53816,4.79,0.00275026
euro-coin,eurc,2025-12-11,22:37:02,1.17,337744721,31258961.0,1.18,1.17,0.00512546,0.43848,1.35,0.052848
benqi-liquid-staked-avax,savax,2025-12-11,22:37:02,16.59,335069018,2152557.0,17.65,15.95,-0.9821225763892052,-5.58882,103.55,9.25
chiliz,chz,2025-12-11,22:37:02,0.03302765,334920197,82471938.0,0.0338914,0.0320596,0.00082283,2.555,0.878633,0.00410887
arbitrum-bridged-wrapped-eeth,weeth,2025-12-11,22:37:02,3510.48,333817336,422447.0,3624.45,3419.88,-97.57424916911395,-2.70434,5118.5,2837.73
kinesis-gold,kau,2025-12-11,22:37:02,137.43,327927479,266205.0,138.0,135.05,1.34,0.98518,141.45,44.06
usx,usx,2025-12-11,22:37:02,0.999133,326757724,1179028.0,1.002,0.998939,-1.7704915089567e-05,-0.00177,1.037,0.995216
plasma,xpl,2025-12-11,22:37:02,0.163972,322607266,94575229.0,0.171683,0.159688,-0.006558994545331848,-3.84622,1.68,0.157786
vision-3,vsn,2025-12-11,22:37:02,0.093511,322339363,14984694.0,0.097011,0.092439,-0.003345493022750362,-3.45407,0.223874,0.068741
cap-usd,cusd,2025-12-11,22:37:02,1.001,317861678,22264.0,1.008,0.993899,-7.4373644001202e-05,-0.00743,1.17,0.947752
frax-ether,frxeth,2025-12-11,22:37:02,3210.83,316067111,1138633.0,3317.28,3125.18,-86.94916187191848,-2.6366,4906.89,1137.25
pippin,pippin,2025-12-11,22:37:02,0.316608,315853792,58114656.0,0.347923,0.305983,-0.030378386494656795,-8.75493,0.363995,0.0055459
binance-peg-busd,busd,2025-12-11,22:37:02,1.002,312433686,2261516.0,1.005,0.989916,0.00024177,0.02413,1.15,0.896883
mantle-restaked-eth,cmeth,2025-12-11,22:37:02,3509.74,306672486,9808359.0,3622.4,3411.26,-100.55576139264076,-2.78525,5306.91,1480.7
polygon-pos-bridged-weth-polygon-pos,weth,2025-12-11,22:37:02,3235.22,305306373,12215395.0,3350.78,3159.78,-100.77821440389152,-3.02093,4948.98,1390.73
swissborg,borg,2025-12-11,22:37:02,0.31011,304875121,1263576.0,0.327467,0.295984,9.093e-05,0.02933,1.64,0.00502687
syrup,syrup,2025-12-11,22:37:02,0.268367,304748520,33468203.0,0.278423,0.258154,-0.006799812485993484,-2.47116,0.653229,0.085229
unit-bitcoin,ubtc,2025-12-11,22:37:02,92353.0,303121914,57833982.0,93042.0,89380.0,95.86,0.10391,126087.0,73355.0
raydium,ray,2025-12-11,22:37:02,1.12,300563996,29676150.0,1.16,1.076,-0.027486856588351705,-2.39676,16.83,0.134391
neo,neo,2025-12-11,22:37:02,4.17,294080342,15375869.0,4.22,4.05,-0.028270010704159354,-0.67297,198.38,0.078349
layerzero,zro,2025-12-11,22:37:02,1.45,293451356,33216338.0,1.48,1.4,-0.030329879395981862,-2.05161,7.47,1.12
crvusd,crvusd,2025-12-11,22:37:02,1.002,292545551,42144690.0,1.013,0.995519,0.00028487,0.02845,1.11,0.949016
vaulta,a,2025-12-11,22:37:02,0.181829,292205797,24321718.0,0.18496,0.177636,-0.002336923454322321,-1.26892,0.778734,0.174132
mimblewimblecoin,mwc,2025-12-11,22:37:02,26.42,291938171,135710.0,29.01,26.41,-2.584953689966472,-8.9106,38.81,0.298733
wrapped-stx-velar,wstx,2025-12-11,22:37:02,0.29186,291859819,1089.14,0.298747,0.291837,-0.006859696816516159,-2.29637,2.96,0.236784
compound-governance-token,comp,2025-12-11,22:37:02,30.03,290162921,18090013.0,31.25,29.95,-1.0643015617319485,-3.42327,910.54,22.89
zksync,zk,2025-12-11,22:37:02,0.03350121,286940115,30248524.0,0.03468331,0.03248363,-0.000939946363325568,-2.72914,0.320983,0.02449451
decentraland,mana,2025-12-11,22:37:02,0.149005,285740760,30299398.0,0.153974,0.145474,-0.00390569692478443,-2.55424,5.85,0.00923681
monad,mon,2025-12-11,22:37:02,0.02634634,284983865,162054486.0,0.02739936,0.02564996,-0.00049613439548115,-1.84832,0.04882901,0.02201
terra-luna,lunc,2025-12-11,22:37:02,5.206e-05,284210594,154293290.0,6.366e-05,5.196e-05,-8.724893162602e-06,-14.35398,119.18,9.99967e-07
astherus-staked-bnb,asbnb,2025-12-11,22:37:02,940.84,282441949,143731.0,953.78,912.94,-8.002819227203076,-0.84343,1446.58,326.84
frax,frax,2025-12-11,22:37:02,0.99381,278586803,1868769.0,0.994516,0.992287,0.00017426,0.01754,1.14,0.874536
gate-wrapped-btc,gtbtc,2025-12-11,22:37:02,92660.0,277891419,128590.0,93491.0,89745.0,61.67,0.0666,125984.0,81369.0
resolv-usr,usr,2025-12-11,22:37:02,1.0,275014340,419029.0,1.001,0.99865,0.00061889,0.06191,1.022,0.959194
falcon-finance-ff,ff,2025-12-11,22:37:02,0.118029,274964201,18593775.0,0.118027,0.109871,0.00317077,2.76059,0.770814,0.062102
zebec-network,zbcn,2025-12-11,22:37:02,0.0028372,272180890,11487915.0,0.00291142,0.0027496,-6.7497311967046e-05,-2.32373,0.00700261,0.00069854
wrapped-ether-mantle-bridge,weth,2025-12-11,22:37:02,3237.91,272066600,4892512.0,3355.6,3132.8,-95.86022952989015,-2.87543,4962.42,1402.44
wrapped-hype,whype,2025-12-11,22:37:02,28.9,268025301,134091379.0,29.32,27.0,-0.305767110660522,-1.04681,59.06,9.43
undeads-games,uds,2025-12-11,22:37:02,2.6,266668091,947387.0,2.61,2.54,0.00734272,0.28296,3.15,0.040673
binance-wrapped-btc,bbtc,2025-12-11,22:37:02,92163.0,266530729,98027.0,92881.0,89118.0,-198.69460216023435,-0.21513,1893429.0,9771.06
fidelity-digital-interest-token,fdit,2025-12-11,22:37:02,1.0,264067237,0.0,1.0,1.0,0.0,0.0,1.0,1.0
janus-henderson-anemoy-treasury-fund,jtrsy,2025-12-11,22:37:02,1.088,262982500,0.0,1.088,1.088,0.000132,0.01213,1.088,1.085
stable-2,stable,2025-12-11,22:37:02,0.01463384,261916694,267596960.0,0.01876258,0.01274285,-0.00263584398218915,-15.26284,0.02675502,0.01274285
arweave,ar,2025-12-11,22:37:02,4.0,261637236,22449663.0,4.11,3.87,-0.08034884409665466,-1.96843,89.24,0.298788
resolv-wstusr,wstusr,2025-12-11,22:37:02,1.12,260217685,791996.0,1.13,1.12,0.00013107,0.01167,1.13,0.58995
sad-coin,sad,2025-12-11,22:37:02,0.26191,258283410,3194020.0,0.404583,0.228059,-0.11745147573092307,-30.96033,0.644158,0.228059
instadapp,fluid,2025-12-11,22:37:02,3.25,250829475,4994282.0,3.42,3.16,-0.14208936556657692,-4.18858,24.4,0.366538
